UniqueLog,SiteName,LogID,splot1,X1,Y1,splot2,X2,Y2,Direction,Length,Diameter,Log.BA,logdecomp
1,T-BT,1,1,15.9,7.2,10,21.9,0.3,139,9.1,0.847,7.742,1
2,T-BT,2,1,7,10.2,2,8.7,34.5,4,24.4,1.534,37.373,3
3,T-BT,3,2,7.2,24.7,2,0.2,22,249,7.5,1.337,10.030,1
4,T-BT,4,2,15.8,39.5,7,26,67.4,20,29.7,1.019,30.258,1
5,T-BT,5,3,11.9,57,2,10.7,39.5,184,17.5,0.395,6.924,1
6,T-BT,6,3,16.2,59.2,3,0.9,51.1,242,17.3,0.242,4.188,1
7,T-BT,7,4,11.8,60.1,5,18.4,100,9,40.4,1.572,63.593,2
8,T-BT,8,4,15.6,61.7,8,29.2,41.6,146,24.3,0.321,7.802,3
9,T-BT,9,6,30.4,86.8,2,7.7,33.4,203,58.0,1.920,111.407,1
10,T-BT,10,6,24.5,85.4,5,13.3,88.4,285,11.6,0.210,2.435,2
11,T-BT,11,6,24.2,97.3,6,30.8,85.8,150,13.3,0.287,3.805,2
12,T-BT,12,6,24.9,92.8,15,45.5,86.5,107,21.5,0.281,6.053,2
13,T-BT,13,6,36.6,100,6,34.4,90.4,193,9.8,1.010,9.947,1
14,T-BT,14,6,39,80.4,6,27.7,83.8,287,11.8,0.674,7.953,2
15,T-BT,15,7,35.8,74.2,13,48.1,52.1,151,25.3,1.542,39.001,3
16,T-BT,16,6,27.5,80.7,7,29.3,65.7,173,15.1,0.279,4.215,1
17,T-BT,17,7,21.7,77.9,7,36.1,70.2,118,16.3,0.720,11.757,1
18,T-BT,18,7,23.8,70.5,14,42.4,76.9,71,19.7,0.490,9.638,2
19,T-BT,19,7,28.4,61.1,13,57.1,57.1,98,29.0,1.090,31.585,1
20,T-BT,20,8,23.8,45.3,8,38.9,40.4,108,15.9,0.229,3.635,2
21,T-BT,21,8,35.9,52,18,61.2,51.6,91,25.3,0.262,6.629,2
22,T-BT,22,9,22.9,39.3,10,33.1,0,166,40.6,1.230,49.941,2
23,T-BT,23,10,28.2,10.5,1,17.4,10.1,268,10.8,0.223,2.410,3
24,T-BT,24,11,56.7,3.6,21,83.3,0.3,97,26.8,0.212,5.682,3
25,T-BT,25,12,48.2,20.5,10,38.8,8.4,218,15.3,0.201,3.080,2
26,T-BT,26,12,45.2,33.1,11,56.1,13.5,151,22.4,0.285,6.392,3
27,T-BT,27,12,50.4,35.5,11,50.8,11.9,179,23.6,0.253,5.972,4
28,T-BT,28,12,51.3,34.2,11,47.6,13.1,190,21.4,0.248,5.313,3
29,T-BT,29,12,55.6,26.6,11,48.2,14.7,212,14.0,0.206,2.887,3
30,T-BT,30,12,59.8,22.9,11,51.5,1.2,201,23.2,1.560,36.244,1
31,T-BT,31,12,52.3,23.2,10,34.3,1,219,28.6,1.620,46.300,1
32,T-BT,32,13,49.1,44.3,2,15,36.4,257,35.0,0.960,33.603,1
33,T-BT,33,14,44.9,68.4,14,54.7,65.6,106,10.2,0.622,6.340,1
34,T-BT,34,14,49,61.4,18,68.1,59.4,96,19.2,0.764,14.672,1
35,T-BT,35,14,48.7,70.8,17,65.2,76.2,72,17.4,0.274,4.757,3
36,T-BT,36,15,47.4,82.7,5,8.6,84.1,272,38.8,1.640,63.673,2
37,T-BT,37,15,46.3,97.7,15,57.6,98.9,84,11.4,1.560,17.727,1
38,T-BT,38,15,51.2,95.5,14,48.7,67.4,185,28.2,0.304,8.576,3
39,T-BT,39,15,52.2,95.8,15,54.8,86.9,164,9.3,0.211,1.956,3
40,T-BT,40,15,51,100,15,45.3,87.7,205,13.6,0.700,9.490,1
41,T-BT,41,15,52,95.2,16,71.6,95.9,88,19.6,0.237,4.648,3
42,T-BT,42,15,51,89.3,17,65.7,73,138,21.9,0.239,5.246,3
43,T-BT,43,16,60.2,81.5,16,79.4,85.9,77,19.7,0.292,5.752,3
44,T-BT,44,16,68,100,16,66.9,83.7,184,16.3,1.080,17.644,1
45,T-BT,45,16,74.7,100,16,74.7,86.1,180,13.9,0.294,4.087,2
46,T-BT,46,16,74.8,100,16,74,92.2,186,7.8,0.227,1.780,2
47,T-BT,47,16,79.7,100,16,77.7,91.1,193,9.1,1.700,15.507,2
48,T-BT,48,17,63,67.4,18,69,55.1,154,13.7,0.244,3.339,2
49,T-BT,49,18,78.1,46.1,23,88,52,59,11.5,0.720,8.298,1
50,T-BT,50,18,62.2,54,20,75.8,18.5,159,38.0,1.480,56.264,1
51,T-BT,51,19,62.7,23,11,58.9,10.6,197,13.0,0.310,4.020,2
52,T-BT,52,19,63.3,23.9,19,76.7,23.2,93,13.4,0.356,4.777,2
53,T-BT,53,19,74.6,37.5,24,100,71.9,43,42.8,1.660,70.984,1
54,T-BT,54,19,70.7,22,22,80.1,29.9,50,12.3,0.221,2.714,2
55,T-BT,55,20,77.8,0,20,68.5,17.6,332,19.9,1.020,20.304,1
56,T-BT,56,21,83.5,2.1,21,83.8,17.7,1,15.6,0.314,4.899,3
57,T-BT,57,21,94.9,16.3,21,96.4,0,175,16.4,1.720,28.154,1
58,T-BT,58,21,83.2,0,21,84.7,14,6,14.1,0.350,4.928,2
59,T-BT,59,22,100,31.1,20,67.3,6.4,233,41.0,1.280,52.455,1
60,T-BT,60,24,88.5,60,24,99,60.4,88,10.5,1.640,17.232,1
61,T-BT,61,24,86.7,62.7,24,100,61.7,94,13.3,1.120,14.938,1
62,T-BT,62,23,88.3,53.9,24,100,65.1,54,16.2,0.408,6.608,1
63,T-BT,63,24,97.6,71.4,24,88.6,61.7,223,13.2,0.246,3.255,2
64,T-BT,64,24,92.9,77.8,24,100,60.3,158,18.9,0.320,6.043,3
65,T-MF,1,1,0.6,9.7,2,12.8,22.3,44,17.5,0.218,3.823,2
66,T-MF,2,1,0,14.7,1,1.4,0,175,14.8,0.233,3.441,3
67,T-MF,3,1,0,6.4,1,8.2,1.8,119,9.4,0.220,2.068,3
68,T-MF,4,1,0,6.8,1,5.6,0,150,8.8,0.309,2.722,3
69,T-MF,5,1,5.3,0,1,3.9,6.7,348,6.8,0.215,1.472,3
70,T-MF,6,1,4.8,0.8,1,6,12,6,11.3,0.500,5.632,2
71,T-MF,7,1,6,1.4,1,16.3,0.5,95,10.3,0.440,4.549,1
72,T-MF,8,1,10,0,1,10.3,10,2,10.0,0.226,2.261,3
73,T-MF,9,1,16.6,16.7,1,4,8.8,238,14.9,0.274,4.075,3
74,T-MF,10,1,15.2,15.7,1,16.4,10.8,166,5.0,0.253,1.276,3
75,T-MF,11,1,16,11.2,1,7.8,1.1,219,13.0,0.240,3.122,3
76,T-MF,12,1,12.1,7.7,1,19.2,0,141,10.5,0.377,3.949,3
77,T-MF,13,1,16,5.8,10,33.6,0,115,18.5,0.230,4.262,2
78,T-MF,14,2,16.3,27.7,2,0.7,30.2,279,15.8,0.239,3.776,2
79,T-MF,15,2,15.5,29.6,9,27,26.9,103,11.8,0.310,3.662,4
80,T-MF,16,2,15.6,32.3,9,22.7,23.2,142,11.5,0.330,3.809,3
81,T-MF,17,2,18.7,33.3,9,24.8,36.1,65,6.7,0.235,1.577,1
82,T-MF,18,2,11.1,36.3,9,29,36.3,90,17.9,0.610,10.919,1
83,T-MF,19,2,3.8,39.5,2,17,34.9,109,14.0,0.270,3.774,2
84,T-MF,20,2,4.8,27.8,2,16.9,32.9,67,13.1,0.293,3.847,3
85,T-MF,21,2,4.7,23.9,3,15.3,40.3,33,19.5,0.324,6.327,2
86,T-MF,22,3,3.3,47.9,3,3.1,57.8,359,9.9,0.880,8.714,2
87,T-MF,23,3,11.1,51.3,2,9.6,34.1,185,17.3,0.268,4.627,3
88,T-MF,24,4,2.2,76.7,4,18,79.8,79,16.1,0.270,4.347,3
89,T-MF,25,4,0,77.2,4,16.1,72.9,105,16.7,0.302,5.033,4
90,T-MF,26,4,0,67.6,4,13,63.1,109,13.8,0.246,3.384,2
91,T-MF,27,4,0,64.3,4,5.5,62.7,106,5.7,0.259,1.484,2
92,T-MF,28,4,0,61.2,4,7.5,66.1,57,9.0,0.245,2.195,3
93,T-MF,29,4,1.6,60.6,2,14.8,39.4,148,25.0,0.286,7.142,3
94,T-MF,30,4,12.4,64.9,7,29.3,69.1,76,17.4,0.256,4.458,3
95,T-MF,31,4,13.9,71.1,8,23,54.7,151,18.8,1.040,19.506,1
96,T-MF,32,5,5,88.3,5,2.5,93.7,335,6.0,0.370,2.202,2
97,T-MF,33,5,5.3,88.5,5,18.3,88,92,13.0,0.253,3.291,3
98,T-MF,34,5,10.1,88.4,5,0,91.7,288,10.6,0.216,2.295,3
99,T-MF,35,5,3,87.8,5,2.1,95,353,7.3,0.290,2.104,2
100,T-MF,36,5,7.6,89.8,5,13.5,98.2,35,10.3,0.287,2.946,3
101,T-MF,37,5,9,88.8,5,9.4,99.8,2,11.0,0.208,2.290,2
102,T-MF,38,5,10.8,82.7,5,16.1,89.2,39,8.4,0.270,2.264,1
103,T-MF,39,5,8.7,89,4,11.6,78.2,165,11.2,0.213,2.382,1
104,T-MF,40,5,17.6,82.6,7,25.2,76.4,129,9.8,0.329,3.227,2
105,T-MF,41,5,12.9,94.1,7,27.3,76.3,141,22.9,0.420,9.616,2
106,T-MF,42,6,38.2,80.8,14,44,76.7,125,7.1,0.350,2.486,1
107,T-MF,43,6,39.7,84.6,7,33.6,76.5,217,10.1,0.209,2.119,2
108,T-MF,44,6,39.2,94.2,6,31.9,88.1,230,9.5,0.201,1.912,2
109,T-MF,45,6,37.5,92.2,15,40.5,81.8,164,10.8,0.276,2.987,3
110,T-MF,46,6,37,90.6,6,35.2,100,350,9.6,0.221,2.115,2
111,T-MF,47,6,36.2,90,6,36.6,100,2,10.0,0.280,2.802,2
112,T-MF,48,6,34.3,100,6,22.7,84.1,216,19.7,0.539,10.608,2
113,T-MF,49,6,34.9,97.6,15,49.6,90.1,117,16.5,0.258,4.258,3
114,T-MF,51,6,30.7,98.3,15,44.1,96.9,96,13.5,0.512,6.898,1
115,T-MF,52,14,43.9,77.9,6,35.4,100,341,23.7,0.780,18.469,1
116,T-MF,53,6,35.7,97.5,15,44.3,94.2,111,9.2,0.252,2.321,1
117,T-MF,54,6,30.5,85.2,6,32.4,97,9,12.0,0.440,5.259,1
118,T-MF,55,6,35,86.6,6,33.7,100,355,13.5,0.780,10.501,2
119,T-MF,56,6,24.5,93.6,15,43.1,83.3,119,21.3,0.361,7.675,3
120,T-MF,57,6,33.5,88.9,15,43.7,85,111,10.9,0.397,4.335,3
121,T-MF,58,6,22.6,97.6,6,31.6,96.8,95,9.0,0.380,3.433,1
122,T-MF,59,6,21.8,82.3,7,26.6,64.4,165,18.5,0.212,3.929,3
123,T-MF,60,6,27,80.5,14,47,71.2,115,22.1,0.640,14.116,1
124,T-MF,61,7,24.1,71.3,8,28.6,58.3,161,13.8,0.380,5.228,1
125,T-MF,62,7,27.3,69.1,8,30.2,57.4,166,12.1,0.275,3.315,3
126,T-MF,63,4,12.1,73.3,3,18.6,56.3,159,18.2,0.330,6.006,1
127,T-MF,64,7,21.7,64.2,8,29.6,48.6,153,17.5,0.290,5.071,1
128,T-MF,65,7,30.5,69.5,14,41.3,75.5,61,12.4,0.310,3.830,2
129,T-MF,66,7,31,79,7,28.5,68,193,11.3,0.282,3.181,3
130,T-MF,67,8,38.2,56.4,14,49.3,66.4,48,14.9,0.580,8.665,1
131,T-MF,68,8,37.3,50.1,13,50.3,49.9,91,13.0,0.454,5.903,3
132,T-MF,69,8,37.5,48.9,9,37,39.4,183,9.5,0.210,1.998,3
133,T-MF,70,8,30.3,41.3,8,22.5,44,289,8.3,0.640,5.283,1
134,T-MF,71,8,28.5,54.8,8,32.4,48.1,150,7.8,0.267,2.070,2
135,T-MF,72,8,29.8,58.1,8,30.4,45.8,177,12.3,0.225,2.771,2
136,T-MF,73,8,20.6,44.6,8,33.4,58.3,43,18.7,0.402,7.537,1
137,T-MF,74,9,35.2,23.7,9,32.3,36.2,347,12.8,0.390,5.004,1
138,T-MF,75,9,25.2,37.2,8,31,53.3,20,17.1,0.620,10.610,1
139,T-MF,76,9,26.1,25.6,10,27.5,16.5,171,9.2,0.211,1.943,3
140,T-MF,77,10,20.1,1.8,10,32,0,117,12.0,0.340,4.092,3
141,T-MF,78,10,20.1,2.2,10,29.2,0,108,9.4,0.760,7.115,1
142,T-MF,79,10,25.5,6.3,10,38.7,0,142,14.6,0.245,3.583,3
143,T-MF,80,10,39.5,0,10,38.2,8.2,351,8.3,0.610,5.064,1
144,T-MF,81,10,38.7,2.9,10,37.8,8.4,351,5.6,0.420,2.341,1
145,T-MF,82,15,42.1,82.6,15,46.1,86.1,49,5.3,0.280,1.488,1
146,T-MF,83,15,40.6,84.8,14,41.3,74.5,176,10.3,0.209,2.158,2
147,T-MF,84,15,42.7,91.4,15,46.6,99,27,8.5,0.263,2.247,3
148,T-MF,85,15,46,100,15,54.1,89.6,142,13.2,0.303,3.994,3
149,T-MF,86,15,49.6,98.1,14,44.5,61.8,188,36.7,0.600,21.994,3
150,T-MF,87,15,48.6,90.8,15,56.6,94.7,64,8.9,0.249,2.216,3
151,T-MF,88,16,62.5,84.2,15,47.7,96.2,309,19.1,0.245,4.668,2
152,T-MF,89,15,52.4,95.5,15,56,100,35,5.8,0.313,1.804,1
153,T-MF,90,15,59.9,95.3,15,54.9,97,289,5.3,0.225,1.188,1
154,T-MF,91,14,58.1,64.7,17,74.3,67.8,79,16.5,0.231,3.810,3
155,T-MF,92,14,51.8,62.1,17,72,66,79,20.6,0.271,5.575,3
156,T-MF,93,14,57.5,72.3,17,67.1,75.4,72,10.1,0.276,2.784,3
157,T-MF,94,14,49.1,79.5,14,54.5,70.8,148,10.2,0.208,2.130,3
158,T-MF,95,14,51.1,77.3,15,47.7,87.8,342,11.0,0.720,7.946,1
159,T-MF,96,14,41.2,69.9,14,49.9,72.7,72,9.1,0.540,4.935,1
160,T-MF,97,14,42.4,65,14,45.6,76.1,16,11.6,0.400,4.621,1
161,T-MF,98,14,41.1,67.5,14,55.4,70,80,14.5,0.214,3.107,2
162,T-MF,99,14,42,68.4,13,41.8,55.4,181,13.0,0.760,9.881,1
163,T-MF,100,13,45.7,42.5,8,30.4,40.1,261,15.5,0.235,3.639,3
164,T-MF,101,13,54.5,56.4,13,40.8,46.8,235,16.7,0.580,9.703,3
165,T-MF,102,13,43.3,50.9,17,63,62.7,59,23.0,0.412,9.461,2
166,T-MF,103,13,51.2,59.3,14,55,67.1,26,8.7,0.380,3.297,1
167,T-MF,104,13,48.3,59.9,13,57.6,50.6,135,13.2,0.380,4.998,1
168,T-MF,105,13,47.9,58.6,18,61.6,48.3,127,17.1,0.280,4.799,2
169,T-MF,106,13,54.5,50.7,13,58.9,45.8,138,6.6,0.380,2.503,1
170,T-MF,107,13,53.9,48.5,12,59.3,28.3,165,20.9,0.258,5.395,3
171,T-MF,108,12,58.6,21.8,12,57.3,31.1,352,9.4,0.300,2.817,1
172,T-MF,109,12,57,30.9,20,66.4,14,151,19.3,0.238,4.603,3
173,T-MF,110,12,46.1,26.3,10,25.1,15.1,242,23.8,0.840,19.992,3
174,T-MF,111,12,44.3,23.1,10,27.4,18.9,256,17.4,0.262,4.562,3
175,T-MF,112,12,40.1,35.9,11,41,19.4,177,16.5,0.275,4.544,2
176,T-MF,113,12,41.8,28.8,12,40.7,23.4,192,5.5,0.240,1.323,1
177,T-MF,114,12,48.2,34.3,19,67.9,31.5,98,19.9,0.276,5.492,3
178,T-MF,115,11,44.7,13.3,12,48.7,21.5,26,9.1,0.234,2.135,2
179,T-MF,116,11,48.1,0,11,45.1,6.8,336,7.4,0.440,3.270,1
180,T-MF,117,11,54.6,6.8,20,60.7,0.2,137,9.0,0.437,3.927,3
181,T-MF,118,11,53.2,9.7,12,43.3,26.8,330,19.8,0.560,11.065,1
182,T-MF,119,11,51.1,18.1,11,44.5,16.9,260,6.7,0.305,2.046,2
183,T-MF,120,20,67.7,8.5,12,52,27.9,321,25.0,0.510,12.728,2
184,T-MF,121,20,66.8,7,20,78.2,9.9,76,11.8,0.241,2.835,2
185,T-MF,122,20,75.1,0,20,70.3,9,332,10.2,0.460,4.692,2
186,T-MF,123,20,75.4,4.3,21,82.1,1,116,7.5,0.286,2.136,3
187,T-MF,124,20,79,5.2,20,77.4,11.1,345,6.1,0.250,1.528,2
188,T-MF,125,20,76,12.1,21,90.4,11.1,94,14.4,0.319,4.605,2
189,T-MF,126,20,78.7,14.7,20,74,4.2,204,11.5,0.219,2.519,3
190,T-MF,127,20,77.3,18.3,21,90.5,13.5,110,14.0,0.347,4.874,2
191,T-MF,128,19,77.5,34.1,23,91.9,45.7,51,18.5,0.640,11.834,1
192,T-MF,129,19,73.2,31.9,22,82.7,35.8,68,10.3,0.211,2.167,2
193,T-MF,130,19,73.2,35.5,22,93.6,29.7,106,21.2,0.292,6.193,2
194,T-MF,131,19,73.4,33,22,80.8,32.6,93,7.4,0.213,1.579,3
195,T-MF,132,19,64.5,39.4,18,75.8,41.4,80,11.5,0.229,2.628,3
196,T-MF,133,19,61.5,33.6,22,92.8,29.8,97,31.5,0.560,17.657,2
197,T-MF,134,19,63.6,31.7,22,91.1,31.2,91,27.5,0.395,10.864,2
198,T-MF,135,18,63.9,45.4,12,59,31.1,199,15.1,0.256,3.870,3
199,T-MF,136,18,63.9,43.8,19,76.4,34.7,126,15.5,0.245,3.788,2
200,T-MF,137,18,63.9,42,19,76,39.4,102,12.4,0.261,3.230,2
201,T-MF,138,18,70.4,42.2,18,68.7,54.6,352,12.5,0.600,7.510,1
202,T-MF,139,18,77.2,45.5,19,68.8,29.8,208,17.8,0.286,5.092,2
203,T-MF,140,18,65.2,51.6,12,55.9,28.7,202,24.7,0.300,7.415,3
204,T-MF,141,18,65.2,54.7,14,58.6,74.9,342,21.3,0.540,11.475,1
205,T-MF,142,18,71.2,55.5,17,64.6,72.7,339,18.4,0.620,11.422,2
206,T-MF,143,18,68.2,56.1,23,81.2,51.6,109,13.8,0.296,4.072,2
207,T-MF,144,17,71.3,75.8,17,60.3,65.5,227,15.1,0.243,3.662,3
208,T-MF,145,17,65.5,61.4,14,54.1,78.2,326,20.3,0.600,12.182,1
209,T-MF,146,17,62.7,77.1,7,38.5,66.3,246,26.5,0.640,16.960,1
210,T-MF,147,17,70,78.6,16,73.6,93.1,14,14.9,0.273,4.079,2
211,T-MF,148,17,73.6,71,24,94.6,68.4,97,21.2,0.311,6.581,2
212,T-MF,149,16,74,81.9,15,51.1,81.1,268,22.9,0.277,6.347,2
213,T-MF,150,16,74.4,87,16,79.7,85.5,106,5.5,0.296,1.630,2
214,T-MF,151,16,71.5,89.5,25,85.2,93.9,72,14.4,0.251,3.612,2
215,T-MF,152,16,73.2,93.6,25,95.9,93.6,90,22.7,0.209,4.744,2
216,T-MF,153,16,73.8,93,16,77,100,22,7.7,0.337,2.594,1
217,T-MF,154,16,72.2,100,17,73,77.4,178,22.6,0.388,8.774,1
218,T-MF,155,16,69.2,90.7,16,68.4,100,356,9.3,0.519,4.845,2
219,T-MF,156,25,100,91.4,25,93.3,97.4,312,9.0,0.460,4.137,1
220,T-MF,157,25,89.9,82.7,25,89.7,91.9,359,9.2,0.360,3.313,1
221,T-MF,158,25,91.9,100,25,95.1,92.9,156,7.8,0.600,4.673,1
222,T-MF,159,25,88.8,98.3,25,82.5,100,293,6.5,0.680,4.437,2
223,T-MF,160,25,81.8,99.6,25,84.5,82.5,171,17.3,0.238,4.120,3
224,T-MF,161,25,81.4,80.1,25,85.8,99.1,13,19.5,0.690,13.457,1
225,T-MF,162,25,80.2,100,25,83.6,84.1,168,16.3,0.400,6.504,1
226,T-MF,163,24,96.9,71,24,100,65.6,140,6.2,0.303,1.887,3
227,T-MF,164,24,94.8,78.8,25,100,80.4,76,5.4,1.520,8.270,1
228,T-MF,165,24,80.7,79.7,24,90.6,74.2,119,11.3,0.282,3.194,3
229,T-MF,166,24,88.2,78.5,24,82.9,69.2,210,10.7,0.840,8.992,1
230,T-MF,167,24,91.5,70.8,25,91.5,97.3,0.01,26.5,0.620,16.430,1
231,T-MF,168,23,95.4,54.5,24,98.1,68.4,11,14.2,0.620,8.779,2
232,T-MF,169,23,90,45.6,22,99.7,35.9,135,13.7,0.314,4.307,2
233,T-MF,170,23,80.3,42.4,23,92.3,43,87,12.0,0.428,5.142,1
234,T-MF,171,22,80.7,24.2,22,84.5,30.5,31,7.4,0.209,1.538,2
235,T-MF,172,22,81.9,29.2,22,88.2,35.7,44,9.1,0.250,2.263,2
236,T-MF,173,22,95.6,33.7,18,76.8,53.8,317,27.5,1.200,33.026,1
237,T-MF,174,22,94.5,39.5,22,90.7,29.2,200,11.0,0.202,2.218,2
238,T-MF,175,22,90.4,39.9,22,97.1,33.6,133,9.2,0.260,2.391,1
239,T-MF,176,22,99.5,27.9,23,93.3,41.8,336,15.2,0.257,3.912,2
240,T-MF,177,21,100,7.2,22,96.8,29.7,352,22.7,0.332,7.545,3
241,T-MF,178,22,90.8,31.8,21,93.7,15.4,170,16.7,0.237,3.947,3
242,T-MF,179,21,82,7.3,21,83.3,0,170,7.4,0.320,2.373,3
243,T-MF,180,21,82.4,5.6,21,89.4,0,130,9.0,0.324,2.904,3
244,T-MF,181,21,90.1,1.4,20,71,9.5,293,20.7,0.333,6.909,2
245,T-MF,182,21,87.7,0,21,100,11.9,47,17.1,0.262,4.484,3
246,T-MF,183,21,91.8,5.4,21,100,2.7,108,8.6,0.242,2.089,2
247,T-MF,184,21,98.7,6.6,22,90.7,28.6,340,23.4,0.325,7.608,2
248,T-MF,185,21,93.1,10,22,90.1,24.3,348,14.6,0.403,5.888,2
249,T-MF,186,21,91.6,18.4,21,98,8.1,148,12.1,0.274,3.323,2
250,T-MF,187,21,82.6,13.3,19,73.9,23.3,319,13.3,0.560,7.423,1
251,T-SX,1,1,14,0,1,14.9,10.6,5,10.6,1.460,15.532,1
252,T-SX,2,1,11.8,0,1,5.8,7.9,323,9.9,0.417,4.137,1
253,T-SX,3,1,4.7,0,2,11.1,25.6,14,26.4,0.780,20.583,1
254,T-SX,4,1,8.7,0,1,12.4,13.1,16,13.6,0.400,5.445,1
255,T-SX,5,2,19.1,20.7,1,14.5,14.6,217,7.6,0.680,5.195,1
256,T-SX,6,1,0,19,1,5,19.4,85,5.0,0.475,2.383,2
257,T-SX,7,1,0,13,1,6.7,16,66,7.3,0.720,5.286,1
258,T-SX,8,3,4.9,41.8,7,22.9,64.8,38,29.2,1.520,44.393,1
259,T-SX,9,4,13.8,60.1,4,7.1,68.1,320,10.4,0.210,2.191,3
260,T-SX,10,4,0,68.4,3,9,42.2,161,27.7,0.540,14.959,2
261,T-SX,11,5,2.3,91.2,6,23.6,90.1,93,21.3,0.340,7.252,2
262,T-SX,12,5,12.6,92.3,7,21.7,75.9,151,18.8,0.210,3.939,1
263,T-SX,13,5,8.1,83.5,6,20.9,81,101,13.0,0.250,3.260,1
264,T-SX,14,10,20.05,4.4,10,22.8,14.7,15,10.7,0.440,4.691,1
265,T-SX,15,10,22.5,4.3,10,27.7,11.7,35,9.0,0.360,3.256,1
266,T-SX,16,10,31.1,19.9,11,42.2,0,153,22.8,1.171,26.683,1
267,T-SX,17,9,23.9,21.2,2,15.7,31.4,321,13.1,0.668,8.742,2
268,T-SX,18,9,34.1,21.9,12,41.3,29.4,44,10.4,0.573,5.957,1
269,T-SX,19,9,35.5,34.3,8,34,56.1,356,21.9,1.140,24.911,1
270,T-SX,20,6,20.7,88.2,7,27.5,62.9,165,26.2,0.315,8.252,3
271,T-SX,21,7,20,67.5,6,35.6,98.1,27,34.3,2.165,74.361,2
272,T-SX,22,7,33.4,74.5,7,27.7,78.8,307,7.1,0.239,1.706,2
273,T-SX,23,6,22.5,100,6,29,94.4,131,8.6,0.299,2.565,2
274,T-SX,24,6,21.6,95.6,15,48.7,81.2,118,30.7,0.700,21.482,2
275,T-SX,25,6,34.2,94.7,14,44.5,66.4,160,30.1,0.382,11.504,2
276,T-SX,26,6,20.3,93.2,7,36,70,146,28.0,0.509,14.259,2
277,T-SX,27,6,20.7,87.9,7,25,63.7,170,24.6,0.446,10.962,2
278,T-SX,28,6,29.1,93.4,15,46.6,83.3,120,20.2,0.248,5.011,2
279,T-SX,29,6,33.9,93.9,14,54.7,74.5,133,28.4,0.382,10.865,2
280,T-SX,30,6,38.9,90.3,14,47.6,76.4,148,16.4,0.200,3.165,2
281,T-SX,31,6,31.1,81.9,6,38,86.5,56,8.3,0.449,3.723,1
282,T-SX,32,6,32.4,82.5,6,23.4,85.9,291,9.6,0.200,1.847,2
283,T-SX,33,15,41.7,96.6,6,20.3,99.2,277,21.6,0.274,5.907,2
284,T-SX,34,15,44.7,84.4,6,37.6,99,334,16.2,0.509,8.264,1
285,T-SX,35,15,54.6,95.1,15,51.6,99.1,323,5.0,0.598,2.990,1
286,T-SX,37,15,54.8,84.7,15,42.2,85.4,273,12.6,0.433,5.464,1
287,T-SX,38,14,56,76.1,14,41.8,75.4,267,14.2,0.232,3.298,3
288,T-SX,39,14,54.4,71.4,14,51.2,76.3,327,5.9,0.535,3.131,1
289,T-SX,40,14,44.2,62.2,15,46.1,100,5,19.9,0.258,5.132,4
290,T-SX,41,14,50,70,13,55.3,48.6,166,22.0,0.245,5.401,3
291,T-SX,42,14,51.7,67.5,16,71.3,100,31,38.0,1.190,45.164,2
292,T-SX,43,13,51.5,52.4,20,71.5,13.2,153,44.0,1.337,58.838,2
293,T-SX,44,13,40.2,54.2,11,56.5,13.9,158,43.5,1.560,67.816,1
294,T-SX,45,12,59.9,20.1,12,49.2,20.3,271,10.7,0.764,8.176,1
295,T-SX,46,12,57.1,32.1,18,78.9,59,39,34.6,1.401,48.509,1
296,T-SX,47,13,56.1,41.7,20,62.6,8.3,169,34.0,0.477,16.231,1
297,T-SX,48,11,49.6,7.1,11,50.5,0,176,7.2,1.655,11.845,1
298,T-SX,49,21,84.9,13,10,39.3,6.6,262,46.0,1.974,90.897,1
299,T-SX,50,20,70.5,6.7,20,64.5,2.8,237,7.2,0.668,4.780,1
300,T-SX,51,20,63.6,5.1,11,49.6,0,247,14.9,1.146,17.075,1
301,T-SX,52,18,69.2,51,14,51.9,76.7,326,31.0,1.019,31.569,2
302,T-SX,53,18,74.4,57.5,16,60.9,86.5,335,32.0,1.210,38.706,2
303,T-SX,54,18,70.5,53.7,18,79.8,48.8,118,10.5,0.477,5.014,1
304,T-SX,55,18,70,40.5,23,97.4,57,59,32.0,1.146,36.654,2
305,T-SX,56,18,78.5,48.8,23,82.6,40.1,155,9.6,0.318,3.058,2
306,T-SX,57,17,70.1,70.7,16,70.8,100,1,29.3,1.783,52.257,2
307,T-SX,58,25,80,93.4,17,74,74.9,198,19.4,0.764,14.859,2
308,T-SX,59,16,78.9,80.2,16,64.9,83.4,283,14.4,0.255,3.662,1
309,T-SX,60,16,75.1,84,17,72.8,65.5,187,18.6,0.309,5.761,2
310,T-SX,61,16,71.4,82.9,16,65.1,100,341,18.2,0.350,6.378,2
311,T-SX,62,16,71.8,86.1,16,69,99.1,348,13.3,0.271,3.604,2
312,T-SX,63,16,69.1,82.5,16,64.5,100,335,5.2,0.382,2.000,2
313,T-SX,64,16,62.4,100,16,68,91,148,10.6,0.299,3.169,2
314,T-SX,65,16,66,89,15,53.4,100,314,16.7,0.302,5.051,3
315,T-SX,66,25,90.3,80.6,25,84.9,98.4,343,18.6,0.248,4.613,1
316,T-SX,67,25,94.2,82.2,24,82.1,76.6,245,13.3,0.321,4.280,1
317,T-SX,68,25,98.2,85.8,24,80.9,71.8,231,22.3,0.567,12.619,1
318,T-SX,69,25,97.3,81.2,25,89.4,93,326,14.2,0.458,6.504,1
319,T-SX,70,25,89.7,100,25,99,87.1,144,15.9,0.611,9.717,3
320,T-SX,71,25,94,92.9,25,100,93.1,88,6.0,0.726,4.358,1
321,T-SX,72,25,98.5,97.8,25,81.5,85.9,235,20.8,0.376,7.802,1
322,T-SX,73,25,93.1,88.3,24,91.7,78,188,10.4,0.369,3.836,1
323,T-SX,74,25,90.7,95,16,78.2,96.5,277,12.6,0.331,4.167,1
324,T-SX,75,25,88.6,97.3,16,78.9,84,216,16.5,0.280,4.609,1
325,T-SX,76,25,83,100,17,75.3,74.8,197,26.4,0.815,21.475,3
326,T-SX,77,24,81.4,73.7,24,100,63,119,21.5,1.337,28.689,1
327,T-SX,78,24,90,74.3,18,77.9,57.6,216,20.6,0.264,5.444,2
328,T-SX,79,24,88.1,79.2,24,98.5,76,107,10.9,0.738,8.030,1
329,T-SX,80,24,99.2,78.9,24,95.4,71.7,208,8.1,0.490,3.989,1
330,T-SX,81,24,95.6,74.3,24,100,68.9,133,7.0,0.271,1.888,1
331,T-SX,82,24,95.7,77,17,78.6,74.6,262,17.3,0.325,5.612,1
332,T-SX,83,23,87.7,56.4,24,99.2,68.7,43,16.8,1.241,20.897,1
333,T-SX,84,23,89.5,43.5,23,83,52.8,325,11.3,0.592,6.717,1
334,T-SX,85,22,91.2,37.1,23,93.2,53.4,7,16.4,0.258,4.237,3
335,T-SX,86,22,83.2,27.4,21,80.2,13.3,192,14.4,0.229,3.301,3
336,T-SX,87,22,82.5,21.1,23,94.3,50.3,22,31.5,1.464,46.107,1
337,T-SX,88,22,88.9,27.8,23,94.4,55.9,11,28.6,0.425,12.169,2
338,T-SX,89,22,93.7,26.5,21,99.5,14,155,13.8,1.114,15.351,2
339,T-SX,90,22,100,29.6,22,93.6,33.5,301,7.5,0.503,3.770,1
340,T-SX,91,21,91.3,3,21,89.3,9.3,342,6.6,0.694,4.587,1
341,T-WD,2,2,0,21.5,1,17.2,18.8,99,17.4,0.264,4.596,3
342,T-WD,3,2,0,38.5,1,15.8,19.7,140,24.6,0.323,7.932,2
343,T-WD,4,3,0,41.2,3,3.5,53.3,16,12.6,0.740,9.321,2
344,T-WD,5,3,5.4,49,3,0,42.3,222,8.6,0.470,4.044,2
345,T-WD,6,3,5,58.7,3,0,59.7,281,5.1,0.420,2.142,3
346,T-WD,7,3,0,47.4,3,17.8,48,88,17.8,0.900,16.029,1
347,T-WD,8,4,17.8,74.6,4,0.2,71.8,261,17.8,0.360,6.416,1
348,T-WD,9,5,6.2,96,7,21.4,75,144,25.9,1.240,32.145,2
349,T-WD,10,5,4.4,81.7,4,0.2,76.2,217,6.9,0.288,1.993,3
350,T-WD,11,6,27.9,100,6,28.6,94.8,172,5.2,0.360,1.889,1
351,T-WD,12,6,28.8,96.5,5,16.7,87.4,233,15.1,0.211,3.195,3
352,T-WD,13,15,48.9,95.4,7,30.7,70.3,216,31.0,1.100,34.104,2
353,T-WD,14,7,25.6,76.1,6,31.9,98.2,16,23.0,1.220,28.036,1
354,T-WD,15,7,25.5,75.3,14,44.7,77.3,84,19.3,0.382,7.374,2
355,T-WD,16,7,37.5,67.3,13,46.7,58.4,134,12.8,0.205,2.624,2
356,T-WD,17,14,46.4,65.1,13,40.6,59.9,228,7.8,0.420,3.272,2
357,T-WD,18,14,40,69.5,13,56.9,57.2,126,20.9,0.480,10.033,2
358,T-WD,19,15,52.2,80,14,51.4,69.1,184,10.9,0.490,5.355,1
359,T-WD,20,8,22.7,52.5,2,15.7,28,196,25.5,0.450,11.466,1
360,T-WD,21,9,21,22.5,8,27.3,41.9,18,20.4,0.900,18.358,1
361,T-WD,22,10,38,1.3,20,65.2,6.6,79,27.7,0.700,19.398,1
362,T-WD,23,17,64.3,63.8,18,67.1,59.7,146,5.0,0.530,2.631,2
363,T-WD,24,17,78.1,73,24,81.7,69.5,134,5.0,0.282,1.416,1
364,T-WD,25,25,89.2,82.6,18,65,49.3,216,41.2,0.380,15.643,2
365,T-WD,26,24,97.2,68.3,23,100,46.6,160,21.9,1.580,34.570,1
366,T-WD,27,16,77.8,99.4,16,72.9,93.1,218,8.0,1.120,8.939,1
367,T-WD,28,16,71.7,92.8,16,67.1,100,329,8.5,0.780,6.664,1
368,T-WD,29,15,56.6,100,16,66.9,91.7,129,13.2,0.660,8.730,1
369,T-WD,30,25,96.6,100,16,60.3,83.1,245,40.0,1.520,60.863,1
370,T-WD,31,18,73.3,48.2,19,76,34.6,169,13.9,0.206,2.856,3
371,T-WD,32,18,72.2,53.8,23,90,58.2,76,18.3,0.206,3.777,3
372,T-WD,33,23,86.5,42.9,23,82.6,57.6,345,15.2,0.278,4.228,1
373,T-WD,34,23,88,57.4,22,82.8,36.5,194,21.5,0.960,20.676,1
374,T-WD,35,19,72.3,22.5,20,64.2,0.1,200,23.8,0.263,6.265,2
375,T-WD,36,22,84.9,23.8,19,70.2,23.8,270,14.7,0.273,4.013,2
376,T-WD,37,22,89,24.2,22,100,22.9,96,11.1,0.350,3.877,1
377,T-WD,38,20,71.6,6.3,11,55.8,17.4,305,19.3,0.230,4.441,3
378,T-WD,39,20,75.6,1.4,20,63,18.8,324,21.5,0.200,4.297,3
379,T-WD,40,20,78.6,0,20,78.4,9,359,9.0,0.250,2.251,2
380,T-WD,41,21,81.6,8.8,20,71.6,9.9,276,10.1,0.270,2.716,2
381,T-WD,42,20,68.3,10.7,20,63.6,7.7,237,5.6,0.257,1.433,1
382,T-WD,43,20,69,10,20,60.5,0.6,222,12.7,0.380,4.816,1
383,T-WD,44,21,88.4,12.8,22,92.5,30.5,13,18.2,0.255,4.633,3
384,T-WD,45,21,87.9,13.8,21,99.8,12.5,96,12.0,0.201,2.406,3
385,T-WD,46,21,94.8,11.5,21,99.4,9.5,114,5.0,0.760,3.812,1
386,T-WD,47,21,95.3,12.8,21,87.1,0.1,213,15.1,0.213,3.220,2
387,T-WD,48,21,95.2,12.9,21,81.2,0,219,19.0,0.290,5.521,2
388,T-WD,49,21,89.5,10.5,21,82.8,0,212,12.5,0.292,3.637,3
389,T-WD,50,21,88.5,10,21,99.3,8.3,99,10.9,0.310,3.389,3
390,T-WD,51,21,87.5,10.5,21,87.1,0,182,10.5,0.760,7.986,2
391,T-WR,1,1,7.5,0,1,2.4,8.7,330,10.1,0.780,7.866,1
392,T-WR,2,1,9.7,9.6,10,24.2,7.8,97,14.6,0.211,3.083,2
393,T-WR,3,1,14.3,12.9,1,11.1,2.6,197,10.8,0.252,2.718,3
394,T-WR,4,1,3.8,10.7,2,1.9,26,353,15.4,0.210,3.238,2
395,T-WR,5,1,7.6,12.8,2,9.4,22.2,11,9.6,0.720,6.891,1
396,T-WR,6,2,14.2,24.9,10,24.3,10.5,145,17.6,0.342,6.015,3
397,T-WR,7,3,17.3,40.7,2,16.8,25.2,182,15.5,0.260,4.032,1
398,T-WR,8,2,10.8,38.4,2,11.4,20.4,178,18.0,0.236,4.250,4
399,T-WR,9,2,11.6,36.1,3,0.8,48.5,319,16.4,0.540,8.880,1
400,T-WR,10,3,5.8,40.8,2,0.7,29.3,204,12.6,0.211,2.654,2
401,T-WR,11,3,6.2,45,2,0.7,37.7,217,9.1,0.254,2.322,3
402,T-WR,12,3,17.9,51.2,7,26.7,62.9,37,14.6,0.479,7.013,2
403,T-WR,13,3,17.7,59.5,7,28.3,77.9,30,21.2,0.234,4.969,3
404,T-WR,14,4,7,66.8,5,17.5,100,17,34.8,2.520,87.748,1
405,T-WR,15,4,8,73.1,4,0,74.6,281,8.1,0.510,4.151,1
406,T-WR,16,5,18,83.9,5,2.3,95.7,307,19.6,0.277,5.440,2
407,T-WR,17,5,9,97.8,4,0,73,200,26.4,0.368,9.709,2
408,T-WR,18,5,13.4,92.4,5,0,91.6,267,13.4,0.327,4.390,3
409,T-WR,19,5,19.5,92.6,5,4.9,90.3,261,14.8,0.225,3.326,3
410,T-WR,20,5,15.6,97,6,20.3,100,46,5.6,1.880,10.483,1
411,T-WR,21,7,25.1,78.7,6,36.4,100,28,24.1,0.435,10.489,4
412,T-WR,22,7,27.2,60.4,14,42.5,65.7,71,16.2,0.230,3.724,4
413,T-WR,23,7,37,78.4,7,26.3,77.3,264,10.8,0.282,3.033,2
414,T-WR,24,8,39.9,50,4,12.8,61.5,293,29.4,2.080,61.233,1
415,T-WR,25,9,37.4,36.3,13,47.8,42.3,60,12.0,0.217,2.605,1
416,T-WR,26,9,36.6,29.3,21,93.9,8.4,110,61.0,1.640,100.028,1
417,T-WR,27,2,18,37.8,9,30.8,26.3,132,17.2,0.225,3.872,2
418,T-WR,28,9,21.2,34.6,9,35.3,26.2,121,16.4,0.240,3.939,2
419,T-WR,29,10,34.5,1.6,9,34.9,21.7,1,20.1,0.304,6.112,2
420,T-WR,30,10,28,13.2,9,28.4,25.9,2,12.7,0.220,2.795,1
421,T-WR,31,10,28.9,11.8,1,16,1.4,231,16.6,0.285,4.722,3
422,T-WR,32,10,36.8,11.5,11,44.9,19.3,46,11.2,0.460,5.173,1
423,T-WR,33,11,42.4,10.6,9,36,23.1,333,14.0,0.420,5.898,2
424,T-WR,34,11,58.7,0,20,73.9,1.3,85,15.3,0.212,3.234,2
425,T-WR,35,11,58.2,0,20,71.3,14.6,42,19.6,0.291,5.708,2
426,T-WR,36,11,52.3,3.6,10,35.6,4.2,272,16.7,0.212,3.543,2
427,T-WR,37,11,44.8,0,11,40.4,10.8,338,11.7,0.960,11.195,1
428,T-WR,38,11,49.7,10.2,12,47.1,23.4,349,13.5,0.227,3.054,2
429,T-WR,39,11,55.1,7.2,20,60.6,13.7,40,8.5,0.430,3.661,1
430,T-WR,40,11,44.2,18.3,12,45.4,29.4,6,11.2,0.250,2.791,2
431,T-WR,41,11,47.6,19.7,12,57.2,23.8,67,10.4,0.201,2.098,2
432,T-WR,42,11,48.8,16.5,19,77.2,25.7,72,29.9,0.439,13.105,2
433,T-WR,43,12,55.7,27.4,18,64,52.8,18,26.7,0.940,25.118,1
434,T-WR,44,12,50,27.1,14,57,67,10,40.5,1.640,66.435,1
435,T-WR,45,12,43.4,20.7,13,48.1,42.8,12,22.6,0.231,5.219,2
436,T-WR,46,13,47.3,58,14,54.6,69.2,33,13.4,0.233,3.115,2
437,T-WR,47,9,37.5,38.2,14,54.1,61,36,28.2,1.240,34.972,1
438,T-WR,48,13,54.9,46.6,12,44.2,28.9,211,20.7,0.421,8.707,2
439,T-WR,49,14,46.2,62.9,15,58.8,84.6,30,25.1,0.256,6.424,2
440,T-WR,50,14,49.4,69.7,24,83.5,75.1,81,34.5,0.620,21.405,3
441,T-WR,51,14,51.6,69.7,18,75.1,53.8,124,28.4,0.402,11.406,3
442,T-WR,52,15,58.9,94.8,15,58.2,82,183,12.8,0.740,9.486,1
443,T-WR,53,15,48.7,95.5,14,56.3,69.2,164,27.4,0.620,16.973,2
444,T-WR,54,16,79.8,94.7,16,76.1,99.7,323,6.2,0.640,3.981,1
445,T-WR,55,16,67.7,84.2,16,61.4,87.9,300,7.3,0.390,2.849,1
446,T-WR,56,16,76,82.9,16,63,85.7,282,13.3,0.253,3.364,2
447,T-WR,57,17,70.8,70.1,17,78.4,62.8,134,10.5,0.289,3.045,2
448,T-WR,58,18,78.4,58.2,16,72.6,99.8,352,42.0,1.600,67.204,1
449,T-WR,59,19,63,28.1,19,75.6,29.4,84,12.7,0.229,2.901,2
450,T-WR,60,19,75.1,33.5,18,67.1,43.4,321,12.7,1.100,14.001,1
451,T-WR,61,19,79.1,30.7,17,73.5,76.4,353,46.0,1.880,86.559,2
452,T-WR,62,20,67.2,4.7,20,63.4,0.5,222,5.7,0.480,2.719,1
453,T-WR,63,20,68,4.5,12,56,21.6,325,20.9,0.350,7.312,1
454,T-WR,64,20,62.6,11.3,21,82.4,17.7,72,20.8,0.242,5.036,1
455,T-WR,65,20,62,13.6,22,87.9,21.5,73,27.1,0.396,10.723,2
456,T-WR,66,20,77.9,18.8,11,59.1,18.8,270,18.8,0.262,4.926,3
457,T-WR,67,21,90.7,11.5,21,80.4,4.6,236,12.4,1.840,22.812,2
458,T-WR,68,21,100,5,19,70.3,35.8,316,42.8,1.400,59.902,1
459,T-WR,69,21,82.4,19.7,21,80.6,12.5,194,7.4,0.450,3.340,1
460,T-WR,70,22,98.5,24.5,18,79.2,46,318,28.9,1.240,35.826,1
461,T-WR,71,21,90.7,17.8,22,83.7,24.6,314,9.8,1.200,11.711,1
462,T-WR,72,22,96.7,37,23,94.7,46.4,348,9.6,0.640,6.151,1
463,T-WR,73,23,86.1,55.6,18,75.4,51.1,247,11.6,0.208,2.414,2
464,T-WR,74,23,85.5,50.4,23,100,57.9,64,16.3,0.480,7.836,4
465,T-WR,75,24,89.5,68.5,22,88.5,38.9,182,29.6,1.000,29.617,1
466,T-WR,76,24,100,61.7,24,86,69.8,300,16.2,0.600,9.705,3
467,T-WR,77,24,95.4,73.2,25,100,89.8,24,17.2,0.202,3.480,3
468,T-WR,78,24,94.4,73,16,79.2,83.2,304,18.3,0.245,4.485,2
469,T-WR,79,24,81.6,70.1,16,78.7,80.3,344,10.6,0.328,3.478,2
470,T-WR,80,25,96.3,100,25,87.9,89.6,219,13.4,0.210,2.807,2
471,T-WR,81,25,95.1,90.3,25,100,90.4,89,5.0,0.278,1.362,3
472,T-WR,82,25,87,91.4,16,74.6,87.4,252,13.0,0.240,3.127,1
473,T-ZZ,1,25,83.8,87.7,18,69.8,56.2,204,34.5,0.520,17.925,1
474,T-ZZ,2,25,80.3,85.4,25,100,86.1,88,19.7,0.330,6.505,1
475,T-ZZ,3,25,84.3,87.3,23,96.9,59,156,31.0,0.500,15.489,1
476,T-ZZ,4,16,71.8,82.8,13,56.9,57,210,29.8,0.840,25.027,3
477,T-ZZ,5,16,78.9,91.2,25,85.6,98.4,43,9.8,0.880,8.655,3
478,T-ZZ,6,16,77.8,100,25,84.5,81.5,160,19.7,1.120,22.037,3
479,T-ZZ,7,16,69.8,96,23,84,52.3,162,45.9,1.240,56.977,1
480,T-ZZ,8,16,65.9,91.6,16,69.4,83.4,157,8.9,0.700,6.241,1
481,T-ZZ,9,17,75.6,61.8,23,85.5,46,148,18.6,0.238,4.438,3
482,T-ZZ,10,17,72.2,63.7,20,64.4,19.6,190,44.8,1.480,66.281,2
483,T-ZZ,11,17,77.1,76.4,23,91.8,55.4,145,25.6,0.253,6.485,1
484,T-ZZ,12,17,77.9,74.8,15,54.4,100,245,110.5,1.500,165.791,1
485,T-ZZ,13,17,75.3,78.8,17,64.8,60.7,210,20.9,0.290,6.068,1
486,T-ZZ,14,23,100,44.4,19,77.3,28.5,235,27.7,1.160,32.149,3
487,T-ZZ,15,23,81.6,52.4,22,100,25.6,140,32.5,0.840,27.307,1
488,T-ZZ,16,23,96.6,54.1,23,88.3,46.1,226,11.5,0.660,7.608,1
489,T-ZZ,17,23,97.4,58.6,23,99.1,51.3,167,7.5,1.020,7.645,1
490,T-ZZ,18,24,100,62.8,23,93,54.8,221,10.6,1.620,17.221,4
491,T-ZZ,19,23,81.8,55.6,19,67,36.7,218,24.0,1.240,29.766,3
492,T-ZZ,20,18,65.1,47.4,6,25.9,84,313,53.6,1.370,73.473,3
493,T-ZZ,21,19,71.4,20.2,11,57,2.4,219,22.9,0.240,5.495,1
494,T-ZZ,22,19,78.1,28.7,12,54.2,27.9,268,23.9,0.211,5.046,4
495,T-ZZ,23,21,100,2.6,21,85.1,8.9,293,16.2,0.207,3.349,3
496,T-ZZ,24,20,77.2,7,21,80.1,0,159,7.6,0.220,1.667,4
497,T-ZZ,25,20,77.2,7.7,21,83,13.1,47,7.9,0.270,2.140,1
498,T-ZZ,26,20,78.4,10.1,21,97.6,6.4,101,19.6,0.224,4.380,3
499,T-ZZ,27,20,74.9,12.1,21,89.7,0,130,19.1,0.274,5.238,1
500,T-ZZ,28,20,70.1,13.6,20,77.5,1.3,149,14.4,0.245,3.517,2
501,T-ZZ,29,20,72.6,16.2,20,71.4,0,184,16.2,1.200,19.493,1
502,T-ZZ,30,20,73.8,6,20,65.4,1.1,240,9.7,0.212,2.062,3
503,T-ZZ,31,20,67.7,17.2,20,68,0,179,17.2,1.460,25.116,1
504,T-ZZ,32,11,48.6,0,19,62.1,29,25,32.0,0.960,30.709,2
505,T-ZZ,33,11,58.5,19.3,11,44.7,9.3,234,17.0,0.232,3.954,2
506,T-ZZ,34,11,44.4,18.3,1,11.9,1.7,243,36.5,2.280,83.206,2
507,T-ZZ,35,10,39.3,19.1,10,26.6,2.2,217,21.1,0.261,5.518,1
508,T-ZZ,36,10,28.3,1.1,9,32.3,26.5,9,25.7,0.970,24.942,2
509,T-ZZ,37,10,37.4,11.2,10,30.3,0,211,13.3,0.230,3.050,1
510,T-ZZ,38,10,28.3,13.1,10,22.9,0.5,203,13.7,0.220,3.016,3
511,T-ZZ,39,10,21.8,13.4,1,0,5.5,253,23.2,0.393,9.113,1
512,T-ZZ,40,10,25.4,15.8,2,13.9,20,290,12.2,1.260,15.426,1
513,T-ZZ,41,12,42.5,39.3,11,55.1,19.9,147,23.1,0.201,4.650,2
514,T-ZZ,42,9,34.5,29.3,10,34.5,5.2,180,24.1,0.240,5.784,1
515,T-ZZ,43,9,36.8,23.3,10,32.1,2.7,193,21.1,0.272,5.747,4
516,T-ZZ,44,13,52.6,55.9,19,60.3,30.6,163,26.4,1.380,36.495,3
517,T-ZZ,45,13,55.5,43.3,19,64.5,35.2,132,12.1,0.203,2.458,3
518,T-ZZ,46,18,60.7,48.8,8,35,52.4,278,26.0,0.900,23.356,2
519,T-ZZ,47,14,53.8,76.5,13,53.8,45.5,180,31.0,0.323,10.013,2
520,T-ZZ,48,14,49.9,76.7,17,68.1,74.8,96,18.3,0.230,4.209,4
521,T-ZZ,49,14,43,76.8,15,57.9,89.3,50,19.4,0.208,4.045,4
522,T-ZZ,50,7,25.7,63.9,4,0,75.6,293,28.2,1.120,31.626,2
523,T-ZZ,51,7,29.5,70.6,4,14.6,67.2,257,15.3,0.200,3.057,2
524,T-ZZ,52,7,22.4,79.1,5,5.2,91.6,306,21.3,0.240,5.103,1
525,T-ZZ,53,7,28.2,77.9,14,51.3,70.4,108,24.3,0.215,5.222,1
526,T-ZZ,54,15,44.8,100,7,30.1,77.4,213,27.0,0.940,25.343,1
527,T-ZZ,55,15,55.8,100,15,55.3,87,182,13.0,1.500,19.514,1
528,T-ZZ,56,15,42,85.8,14,41.1,69.2,183,16.6,0.940,15.627,1
529,T-ZZ,57,6,20.3,87.3,5,0,89.3,275,20.4,0.219,4.467,1
530,T-ZZ,58,6,26.1,85.8,6,20.5,92.3,319,8.6,0.262,2.248,3
531,T-ZZ,59,6,24.6,100,6,35.4,93,123,12.9,0.940,12.098,2
532,T-ZZ,60,6,32.1,100,7,24.7,77.4,198,23.8,1.260,29.964,3
533,T-ZZ,61,4,2.4,62.2,3,0,55.7,256,6.9,0.222,1.538,1
534,T-ZZ,62,4,16.8,65.3,3,0,44,223,27.1,0.320,8.681,3
535,T-ZZ,63,4,13.7,75.8,4,0,78.8,281,14.0,1.380,19.354,1
536,T-ZZ,64,1,0.5,0,1,6,7.1,38,9.0,0.226,2.030,1
537,T-ZZ,65,1,19.5,11,1,14.9,1,205,11.0,0.225,2.477,2
538,T-ZZ,66,1,19.1,10,1,2.6,2.6,246,18.1,0.257,4.647,1
539,T-ZZ,67,3,2.4,41.8,2,0,35,201,7.2,0.300,2.163,1
540,T-ZZ,68,3,0,43.1,8,26.6,40.3,96,26.7,0.940,25.142,3
541,T-ZZ,69,8,20,45.4,1,0,19.4,223,32.8,1.480,48.548,4
542,T-ZZ,70,3,13.9,49.5,1,5.5,9.8,192,40.6,2.040,82.781,3
543,W-CA,1,1,9.4,14.8,1,3.4,0,200,16.0,0.810,12.936,1
544,W-CA,2,2,5.4,30.7,9,23.8,23.6,111,19.7,0.460,9.072,1
545,W-CA,3,3,7.7,53.8,8,21.9,55.8,82,14.3,0.249,3.571,1
546,W-CA,4,3,14.4,51.6,8,21.7,56.7,55,8.9,0.239,2.128,2
547,W-CA,5,3,6.2,51.6,3,10.7,40.5,158,12.0,0.300,3.593,1
548,W-CA,6,3,0,55.4,8,21.2,50.9,102,21.7,0.560,12.137,2
549,W-CA,7,4,14.7,71.7,4,17.7,64.6,157,7.7,0.239,1.842,2
550,W-CA,8,5,7.7,81.1,4,0.9,68.4,208,14.4,0.340,4.898,2
551,W-CA,9,6,30.2,100,6,23,88.9,213,13.2,0.280,3.705,2
552,W-CA,10,6,34.9,91,6,28.8,96,309,7.9,0.760,5.994,2
553,W-CA,11,8,27,40.8,7,33.7,65.6,15,25.7,0.958,24.610,2
554,W-CA,12,9,23.2,20.2,10,31.8,13.5,128,10.9,0.420,4.579,3
555,W-CA,13,10,21.5,11.4,1,11.2,15.2,290,11.0,0.530,5.819,1
556,W-CA,14,10,21.5,0,2,9.9,20.1,330,23.2,0.240,5.570,3
557,W-CA,15,10,31.2,14.1,10,30.2,0.1,184,14.0,0.539,7.565,2
558,W-CA,16,10,38.4,0,10,31.8,11.3,330,13.1,0.960,12.563,2
559,W-CA,17,10,37.9,10.7,10,38.7,1.8,175,8.9,0.251,2.243,2
560,W-CA,18,11,42.8,8.4,1,0,16,280,43.5,0.620,26.951,2
561,W-CA,19,11,41.3,18.3,9,34.4,26.8,321,10.9,0.240,2.628,1
562,W-CA,20,11,48.5,0,11,44.9,16.8,348,17.2,0.520,8.934,2
563,W-CA,21,11,49.9,0,11,58.7,9.1,44,12.7,1.040,13.165,2
564,W-CA,22,11,54.3,19.3,11,55.7,0,176,19.4,1.000,19.351,1
565,W-CA,23,13,50,40.1,16,60.3,84.5,13,45.6,0.480,21.878,1
566,W-CA,24,13,51.5,54.9,13,59.2,51.8,112,8.3,0.280,2.324,2
567,W-CA,25,14,40.9,77.1,7,33.4,75.6,259,7.6,0.240,1.836,2
568,W-CA,26,14,52,60.3,14,49.6,79.6,353,19.4,0.400,7.779,1
569,W-CA,27,14,49.2,70,18,74.9,45.2,134,35.7,1.160,41.429,1
570,W-CA,28,15,47,100,14,48.6,77.8,176,22.3,0.330,7.345,1
571,W-CA,29,15,50.3,95.4,15,49,83.3,186,12.2,0.250,3.042,2
572,W-CA,30,16,62.6,85.9,6,38.7,95.6,292,25.8,0.360,9.286,3
573,W-CA,31,16,66,100,24,84.2,61,155,43.0,0.540,23.240,3
574,W-CA,32,16,74.8,90.3,25,85.1,99,50,13.5,1.000,13.483,1
575,W-CA,34,16,76.6,84.3,25,81,97,19,13.4,0.580,7.796,1
576,W-CA,35,16,71.6,93.2,25,82,85.1,128,13.2,0.280,3.691,1
577,W-CA,36,17,67.5,79.7,13,47,59.2,225,29.0,0.800,23.193,1
578,W-CA,37,17,69.5,68.9,17,67.8,78.6,350,9.8,0.520,5.121,1
579,W-CA,38,18,73.1,49,18,68.1,53.3,311,6.6,0.241,1.589,2
580,W-CA,39,18,76.1,52.5,18,67.7,51.2,261,8.5,0.520,4.420,1
581,W-CA,40,18,68.3,51.5,19,79.6,26.1,156,27.8,0.520,14.456,2
582,W-CA,41,18,64.8,56.6,14,58.9,66.5,329,11.5,0.440,5.071,1
583,W-CA,42,18,78.2,58.5,13,55.5,54.5,260,23.0,0.480,11.064,1
584,W-CA,43,18,79.4,57.8,18,68.9,51.5,239,12.2,0.400,4.898,1
585,W-CA,44,19,64.3,38.5,13,54.2,42.4,291,10.8,0.440,4.764,1
586,W-CA,45,19,77.5,30.3,22,80.2,36.4,24,6.7,0.400,2.668,3
587,W-CA,46,20,67.4,1.9,11,55.4,5.6,287,12.6,0.209,2.625,3
588,W-CA,47,20,70.4,5.5,20,63.9,10.8,309,8.4,0.480,4.026,3
589,W-CA,48,21,80.6,3.3,21,86.3,10.8,37,9.4,0.320,3.014,1
590,W-CA,49,21,81.8,15.9,20,75.8,4.7,208,12.7,0.320,4.066,3
591,W-CA,50,21,93.3,19.7,22,92.8,29.4,357,9.7,0.306,2.972,1
592,W-CA,51,21,82.8,10,21,100,13.1,80,17.5,0.400,6.991,2
593,W-CA,52,22,80.6,37.8,18,79,46.1,349,8.5,0.260,2.198,3
594,W-CA,53,22,86.8,31.9,23,82.6,53.3,349,21.8,0.880,19.191,3
595,W-CA,54,22,94.5,32.6,22,88.9,32.9,273,5.6,0.240,1.346,2
596,W-CA,55,22,96,26.7,22,92.9,21.7,212,5.9,0.220,1.294,1
597,W-CA,56,23,89.7,51.1,23,100,51.1,90,10.3,0.300,3.090,1
598,W-CA,57,23,89.4,58.7,24,83.6,68.4,329,11.3,0.380,4.295,2
599,W-CA,58,24,84.9,66,23,86,55.7,174,10.4,0.440,4.558,1
600,W-CA,59,24,83.6,68.5,23,87.5,59.7,156,9.6,0.480,4.620,2
601,W-CA,60,24,100,77.9,24,95.2,72.2,220,7.5,0.204,1.520,3
602,W-CA,61,24,87.4,79.4,24,94.2,76.8,111,7.3,0.240,1.747,3
603,W-CA,62,24,93.1,73.3,24,100,72.1,99,7.0,1.000,7.004,1
604,W-CL,1,1,12.8,1.1,10,39.3,2.5,87,26.5,1.160,30.783,1
605,W-CL,2,2,0,23.9,2,15.7,26.1,82,15.9,0.660,10.463,1
606,W-CL,3,2,0,24.3,2,13.3,33.3,56,16.1,0.410,6.584,1
607,W-CL,4,2,0,33.6,2,4.6,28.5,138,6.9,0.390,2.679,1
608,W-CL,5,2,0.6,36.3,2,1.6,31.3,169,5.1,0.370,1.887,2
609,W-CL,6,2,0,36.7,2,6.4,35.1,104,6.6,0.220,1.451,2
610,W-CL,7,2,5.1,39.5,8,25.7,46.2,72,21.7,0.608,13.171,3
611,W-CL,8,2,17.2,35.1,3,9.4,50.4,333,17.2,0.560,9.617,3
612,W-CL,9,2,16.3,22.5,10,30.3,18.5,106,14.6,0.780,11.357,2
613,W-CL,10,3,0,53.5,7,25.2,74.6,50,32.9,1.394,45.817,2
614,W-CL,11,3,13.2,50.6,3,14.9,45.4,162,5.5,0.860,4.705,1
615,W-CL,12,3,13.2,45,2,6.2,28.5,203,17.9,0.360,6.452,2
616,W-CL,13,7,30.6,61.1,3,13.4,57.1,257,17.7,0.460,8.123,1
617,W-CL,14,5,14.6,81.9,4,11.9,77.1,209,5.5,0.220,1.212,1
618,W-CL,15,5,0,95.8,5,5.3,100,42,6.8,1.080,7.303,3
619,W-CL,16,5,9.5,80.5,5,15.9,86.1,49,8.5,0.440,3.742,1
620,W-CL,17,5,11.8,83.8,5,19.4,83.9,89,7.6,0.424,3.223,2
621,W-CL,18,7,26.7,79.2,6,20.2,91,331,13.5,0.880,11.855,2
622,W-CL,19,6,38.9,86.9,6,27.3,85.1,261,11.7,0.640,7.513,1
623,W-CL,20,6,32.3,90.8,6,33.3,99,7,8.3,0.284,2.346,3
624,W-CL,21,6,27.9,94.7,6,20.2,92.2,252,8.1,0.359,2.906,3
625,W-CL,22,6,20.1,99.1,6,29.3,97.8,98,9.3,0.397,3.689,2
626,W-CL,23,7,37.2,75.6,7,29.6,69.7,232,9.6,0.441,4.243,3
627,W-CL,24,14,52.3,74.3,7,35.6,74.9,272,16.7,1.100,18.382,1
628,W-CL,25,7,30.9,60.6,7,37.4,65.5,53,8.1,0.480,3.907,3
629,W-CL,26,8,23.1,56.4,3,16.8,58.6,289,6.7,0.290,1.935,3
630,W-CL,27,8,35.8,40.3,8,36,46.9,2,6.6,0.210,1.387,2
631,W-CL,28,8,36.2,45.5,14,48.5,61.8,37,20.4,1.420,28.997,2
632,W-CL,29,9,28.9,27.9,9,37.7,30.4,74,9.1,0.400,3.659,1
633,W-CL,30,11,40.1,4.6,11,51.2,11.3,59,13.0,0.880,11.409,1
634,W-CL,31,11,52.4,19.4,9,37.1,35.8,317,22.4,0.780,17.494,2
635,W-CL,32,11,52.7,19.7,20,61.5,18.8,96,8.8,0.290,2.565,1
636,W-CL,33,19,61.4,23.7,19,71.7,31.8,52,13.1,0.520,6.814,1
637,W-CL,34,12,57.8,29.3,12,57.8,37.8,0.01,8.5,0.371,3.154,2
638,W-CL,35,12,58,34.5,19,65.9,35.9,80,8.0,0.420,3.370,3
639,W-CL,36,12,50.6,31.5,12,52.2,37.2,16,5.9,0.320,1.894,2
640,W-CL,37,12,41.3,34.9,13,44.7,40.6,31,6.6,0.580,3.849,2
641,W-CL,38,13,44.4,48.1,13,57.7,59.2,50,17.3,0.330,5.717,3
642,W-CL,39,13,47.9,48.8,13,53.1,53,51,6.7,0.464,3.102,2
643,W-CL,40,13,50.5,51,13,55.5,57.9,36,8.5,0.230,1.960,2
644,W-CL,41,13,50,49.3,13,46.5,45.4,222,5.2,0.220,1.153,2
645,W-CL,42,17,66.5,70.4,17,71.2,76,40,7.3,0.720,5.264,1
646,W-CL,43,14,58.8,75,16,60.6,84,11,9.2,0.270,2.478,2
647,W-CL,44,15,43.7,88.2,15,54.2,89.5,83,10.6,0.600,6.348,1
648,W-CL,45,15,44.4,83.7,14,41.9,79.4,210,5.0,0.248,1.235,3
649,W-CL,46,16,69.2,95.6,16,72.8,100,36,5.7,2.480,14.099,2
650,W-CL,47,16,70.3,94,16,72.8,83.8,166,10.5,0.420,4.411,4
651,W-CL,48,17,73.5,77.2,25,81.3,80.2,69,8.4,0.480,4.011,2
652,W-CL,49,17,73.9,76.6,14,57.6,74.9,264,16.4,0.270,4.425,1
653,W-CL,50,17,72.2,72.2,24,83.8,78.6,61,13.2,0.260,3.445,2
654,W-CL,51,25,86,99,25,89.9,92.8,148,7.3,0.420,3.076,1
655,W-CL,52,24,95.5,64.5,24,96.4,77.8,4,13.3,0.800,10.664,1
656,W-CL,53,24,94.1,69.8,24,100,70.7,83,6.0,0.210,1.253,1
657,W-CL,54,24,96.8,61.8,24,91.7,66.1,310,6.7,0.440,2.935,1
658,W-CL,55,23,83.9,59.6,18,75.9,50.4,221,12.2,0.282,3.438,3
659,W-CL,56,23,84.1,59.3,24,94.9,65.5,60,12.5,0.320,3.985,2
660,W-CL,57,18,69.1,45.1,23,87.1,55.5,60,20.8,0.480,9.978,3
661,W-CL,58,18,66.4,42.1,13,56.5,47.4,298,11.2,0.200,2.246,3
662,W-CL,59,19,72.3,22.2,19,76.4,34.8,18,13.3,0.370,4.903,2
663,W-CL,60,19,71,30,12,59.7,23.2,239,13.2,0.920,12.133,1
664,W-CL,61,20,70,17,22,82.8,27,52,16.2,0.560,9.096,1
665,W-CL,62,21,81.7,0,21,100,10.7,60,21.2,1.360,28.830,3
666,W-CL,63,20,75.6,0,21,86.4,11.2,44,15.6,1.080,16.804,3
667,W-DK,1,1,1.7,2.2,1,0,7.8,326,5.9,0.800,4.682,1
668,W-DK,2,2,6.3,37.5,2,0.8,33.5,234,6.8,1.040,7.073,1
669,W-DK,3,2,13.7,21.9,2,15.1,30.6,9,8.8,0.220,1.939,2
670,W-DK,4,2,12.5,28.4,2,18,20.8,144,9.4,0.235,2.205,3
671,W-DK,5,2,6.2,25.8,9,31.3,24,94,25.2,0.608,15.300,2
672,W-DK,6,3,0,40.5,3,11.2,43.5,75,11.6,0.920,10.667,1
673,W-DK,7,3,16,43.9,2,6.4,39,243,10.8,0.720,7.760,1
674,W-DK,8,3,9.5,49.4,3,14.9,45,129,7.0,0.230,1.602,2
675,W-DK,9,4,3.5,73.8,4,0.9,69.4,210,5.1,0.367,1.876,1
676,W-DK,10,4,13.9,70.4,4,18.7,76.1,40,7.5,0.205,1.528,3
677,W-DK,11,5,19,99,5,12.6,81.5,200,18.6,0.480,8.944,2
678,W-DK,12,5,11.7,94.8,5,11.2,85.5,183,9.3,0.230,2.142,2
679,W-DK,13,5,13.4,95.6,5,5.5,95,266,7.9,0.320,2.535,1
680,W-DK,14,5,19.7,98.5,5,8.9,90.7,234,13.3,0.440,5.862,2
681,W-DK,15,5,12.1,96.4,5,4.2,93.5,250,8.4,0.300,2.525,2
682,W-DK,16,5,18.4,100,7,28,73.6,160,28.1,1.160,32.586,2
683,W-DK,17,6,30,87.9,6,23.5,88.6,276,6.5,0.240,1.569,1
684,W-DK,18,6,29.2,100,6,27,87.6,190,12.6,0.840,10.579,2
685,W-DK,19,6,32.9,100,7,31.5,79.9,184,20.1,0.480,9.671,2
686,W-DK,20,6,37.6,84.1,6,38.1,97,2,12.9,0.280,3.615,2
687,W-DK,21,7,32.8,62.1,8,26.1,55.4,225,9.5,0.340,3.222,1
688,W-DK,22,7,31.4,71.2,7,25.7,65.5,225,8.1,0.210,1.693,2
689,W-DK,23,7,22.1,68,7,29.9,79.6,34,14.0,0.350,4.892,1
690,W-DK,24,8,29.7,54.9,8,37.3,42.8,148,14.3,0.220,3.144,1
691,W-DK,25,8,34.5,51.5,7,38.6,62.7,20,11.9,0.340,4.055,2
692,W-DK,26,8,39.2,49,12,41.5,38.9,167,10.4,0.284,2.942,3
693,W-DK,27,9,20.1,22.7,9,28.9,22.7,90,8.8,0.380,3.344,2
694,W-DK,28,10,27.2,10,13,45.8,58.5,21,51.9,1.220,63.372,3
695,W-DK,29,10,32.5,19.2,11,44.9,18.8,92,12.4,0.380,4.714,2
696,W-DK,30,10,33.1,3.1,10,33.1,18.3,0.01,15.2,0.240,3.648,2
697,W-DK,31,11,50,10,11,49.7,0.5,182,9.5,0.280,2.661,1
698,W-DK,32,11,45.3,18.4,10,33.9,10.1,234,14.1,0.320,4.512,2
699,W-DK,33,20,60.8,8.7,12,57.6,25.2,349,16.8,1.080,18.152,2
700,W-DK,34,12,59.3,35.8,13,55.7,40.4,322,5.8,0.500,2.921,2
701,W-DK,35,12,55.9,21.3,11,49,13.4,221,10.5,0.400,4.196,2
702,W-DK,36,12,55.2,21.6,12,43.3,22,272,11.9,0.340,4.048,1
703,W-DK,37,12,44.5,26.1,11,55.8,11.7,142,18.3,0.280,5.125,1
704,W-DK,38,12,44.9,30.7,9,36.3,38.5,312,11.6,0.680,7.895,2
705,W-DK,39,12,48.9,24.6,12,45.6,38.8,347,14.6,0.440,6.414,2
706,W-DK,40,14,52.5,79.8,14,47.6,70.9,209,10.2,0.280,2.845,2
707,W-DK,41,15,44,98.4,15,40.4,92.1,210,7.3,0.340,2.467,4
708,W-DK,42,15,54.3,89,15,50,97.9,334,9.9,0.200,1.977,2
709,W-DK,43,16,65.3,91.3,16,61.4,99.2,334,8.8,0.260,2.291,3
710,W-DK,44,16,79.6,99.1,17,63.8,66.7,206,36.0,1.360,49.024,3
711,W-DK,45,17,70.9,70.3,14,52.3,64.6,253,19.5,0.480,9.338,3
712,W-DK,46,17,66.2,79.4,17,69.3,66.9,166,12.9,0.407,5.242,3
713,W-DK,47,17,69.5,79.9,18,64.4,56.1,192,24.3,0.640,15.578,3
714,W-DK,48,18,64.2,50.9,18,61.9,44.3,199,7.0,0.300,2.097,3
715,W-DK,49,18,65.4,56.8,13,56.5,59.4,286,9.3,0.206,1.910,3
716,W-DK,50,18,72,52.7,18,74.5,40,169,12.9,0.239,3.094,3
717,W-DK,51,19,65.8,33.7,19,64.9,38.7,350,5.1,0.219,1.113,3
718,W-DK,52,20,70.6,0,20,61.4,18.1,333,20.3,0.840,17.055,3
719,W-DK,53,20,61.8,13.4,20,71.2,8.6,117,10.6,0.620,6.544,2
720,W-DK,54,20,66.1,17.4,20,71.9,15.3,110,6.2,0.300,1.851,2
721,W-DK,55,20,74.8,6.5,21,80.3,9.3,63,6.2,0.310,1.913,2
722,W-DK,56,20,73.2,5,21,80.2,7.7,69,7.5,0.295,2.213,3
723,W-DK,57,20,76,7.1,20,76.9,15.8,6,8.7,0.245,2.143,3
724,W-DK,58,21,83.3,19.3,22,85.1,30.4,9,11.2,0.266,2.991,2
725,W-DK,59,24,84,65.9,17,76.6,66.7,276,7.4,0.215,1.600,2
726,W-DK,60,24,89.8,73.6,24,92.6,79.1,27,6.2,0.378,2.333,3
727,W-DW,1,5,0.3,80.7,5,5.7,90.5,29,11.2,0.420,4.699,1
728,W-DW,2,5,0,94.3,5,5.7,93.3,100,5.8,0.520,3.009,1
729,W-DW,3,7,37,72.6,15,49.3,82.9,50,16.0,0.480,7.701,1
730,W-DW,4,7,22,74.1,7,33.3,74.5,88,11.3,0.460,5.201,2
731,W-DW,5,7,27.5,74.3,6,29.4,100,4,25.8,1.240,31.955,2
732,W-DW,6,7,30.4,73.7,7,31.5,78.8,12,5.2,0.420,2.191,2
733,W-DW,7,8,29.1,48.5,8,30.7,58.5,9,10.1,0.840,8.507,1
734,W-DW,8,2,12,36.6,9,21.1,39.7,71,9.6,0.360,3.461,1
735,W-DW,9,2,16.6,20.7,10,36.3,14.7,107,20.6,0.460,9.473,1
736,W-DW,10,1,0,19.2,10,29.5,10.2,107,30.8,0.660,20.356,1
737,W-DW,11,10,28.4,0,9,28,21.9,359,21.9,1.040,22.780,2
738,W-DW,12,10,27.5,0,11,53.3,12,65,28.5,0.840,23.902,1
739,W-DW,13,10,20.8,13.6,10,35.6,18.7,71,15.7,0.400,6.262,1
740,W-DW,14,11,43.5,19.5,12,54.1,25.1,62,12.0,0.208,2.494,3
741,W-DW,15,12,55.9,33.8,19,67.9,31.2,102,12.3,0.380,4.666,2
742,W-DW,16,12,56,27.5,12,58,38.9,10,11.6,0.600,6.944,1
743,W-DW,17,9,23.7,27.7,12,40.6,30.7,80,17.2,0.560,9.612,2
744,W-DW,18,13,54.5,49.4,13,56,40.8,170,8.7,0.240,2.095,1
745,W-DW,19,13,56.8,59.5,18,65,59.9,87,8.2,0.540,4.433,2
746,W-DW,20,17,79.1,61.9,14,53.1,68.9,285,26.9,0.530,14.271,1
747,W-DW,21,14,53.8,77.5,15,58.2,91.9,17,15.1,0.580,8.733,2
748,W-DW,22,16,66.4,80.7,16,74,80.7,90,7.6,0.560,4.256,1
749,W-DW,23,17,72.9,74.2,16,69.6,82.3,338,8.7,0.780,6.822,1
750,W-DW,24,16,73.6,94,16,77.3,99.2,35,6.4,0.800,5.106,1
751,W-DW,25,25,87.8,90.9,25,86.3,100,351,9.2,0.600,5.534,1
752,W-DW,26,24,94.4,72.8,25,100,83.6,28,12.2,0.280,3.406,3
753,W-DW,27,24,98.3,71,23,100,57.5,164,13.6,0.300,4.082,2
754,W-DW,28,24,97.8,68.3,24,100,60.9,162,7.7,0.340,2.625,2
755,W-DW,29,23,86.3,55.8,19,77.8,26,196,31.0,0.600,18.593,2
756,W-DW,30,18,79.7,51.4,23,84.7,56.6,44,7.2,0.840,6.060,1
757,W-DW,31,18,74.7,41.6,18,75.9,59.2,4,17.6,0.920,16.230,1
758,W-DW,32,22,85.4,38.3,23,96,47.8,48,14.2,0.840,11.957,1
759,W-DW,33,22,97.9,37.7,22,87.2,39.2,278,10.8,0.251,2.712,4
760,W-DW,34,22,91.4,28.2,22,83.9,29.3,278,7.6,0.600,4.548,1
761,W-DW,35,19,72.6,30.7,19,75.2,39.7,16,9.4,0.396,3.710,2
762,W-DW,36,19,75.6,22.1,21,86.5,19.2,105,11.3,0.820,9.249,2
763,W-DW,37,20,70.4,4.8,21,85.6,1.6,102,15.5,1.280,19.882,2
764,W-DW,38,21,100,16.8,22,85.3,21,286,15.3,0.880,13.454,1
765,W-DW,39,21,81.7,0,20,76.8,5.1,316,7.1,0.880,6.224,2
766,W-FR,1,2,5.8,22.6,2,11.8,23.9,78,6.1,0.280,1.720,3
767,W-FR,2,3,6.5,55.8,3,2.8,49.6,211,7.2,0.535,3.861,2
768,W-FR,3,3,10.7,53.9,3,0,54.1,271,10.7,0.573,6.132,1
769,W-FR,4,3,14.4,54.4,3,8.2,54.2,268,6.2,0.547,3.396,1
770,W-FR,5,3,2.6,56.3,4,5.8,61.6,31,6.2,0.427,2.641,1
771,W-FR,6,5,14.4,81.8,5,14.3,88,359,6.2,0.522,3.237,1
772,W-FR,7,6,30.9,92.7,6,34.4,88.4,141,5.5,0.357,1.977,2
773,W-FR,8,7,33.2,77.7,6,29.4,82.2,320,5.9,0.547,3.225,1
774,W-FR,9,8,31.7,46.8,4,9.5,69,315,31.4,1.108,34.777,2
775,W-FR,10,10,25.9,9.7,10,30.4,13.9,47,6.2,0.573,3.527,1
776,W-FR,11,11,44.1,17.8,10,37.5,17.6,268,6.6,0.357,2.354,2
777,W-FR,12,11,44.7,17.7,12,44.7,35.3,0.01,17.6,0.535,9.412,1
778,W-FR,13,12,41,20.9,11,48.5,14.9,129,9.6,0.401,3.852,3
779,W-FR,14,13,44.7,54.2,8,35,55.7,279,9.8,0.777,7.623,1
780,W-FR,15,13,42.1,51.8,13,48.3,56.3,54,7.7,0.535,4.097,3
781,W-FR,16,13,43.9,44.6,13,45.3,52.3,10,7.8,0.458,3.587,1
782,W-FR,17,13,41,40.5,3,9.8,51.2,289,33.0,0.853,28.137,2
783,W-FR,18,13,54,43.1,8,35.7,40.2,261,18.5,0.465,8.611,1
784,W-FR,19,15,47.2,85.4,5,18.8,96.9,292,30.6,0.840,25.748,1
785,W-FR,20,15,50,90,16,60.2,92.4,77,10.5,0.802,8.405,1
786,W-FR,21,15,50.5,90.5,15,40.1,90.1,268,10.4,0.280,2.915,1
787,W-FR,22,16,68.3,94.8,16,68.5,100,2,5.2,0.471,2.452,1
788,W-FR,23,16,71.5,82.5,16,77.4,82.9,86,5.9,0.299,1.769,2
789,W-FR,24,16,78.5,89.5,16,69.5,83.7,237,10.7,0.312,3.340,2
790,W-FR,25,16,77.2,88.1,25,80.8,93.9,32,6.8,0.286,1.956,1
791,W-FR,26,17,73.8,75.2,17,66.3,77.5,287,7.8,0.423,3.321,2
792,W-FR,27,17,73.8,73.5,16,70.8,81.7,340,8.7,0.528,4.614,2
793,W-FR,28,17,76.4,69.9,16,79.5,87.5,10,17.9,0.764,13.652,2
794,W-FR,29,18,79.4,53.5,23,84.5,50.1,124,6.1,0.503,3.083,2
795,W-FR,30,18,76.7,46.5,18,77.4,54.4,5,7.9,1.146,9.088,1
796,W-FR,31,19,73.9,35.4,11,55.1,17.2,226,26.2,0.828,21.655,1
797,W-FR,32,19,60.6,23.2,13,45.6,43.9,324,25.6,0.433,11.066,1
798,W-FR,33,19,64.7,21.7,19,71.1,21.4,93,6.4,0.337,2.162,3
799,W-FR,34,20,62.8,2.8,19,71.1,28.3,18,26.8,0.980,26.291,3
800,W-FR,35,21,88,0,21,80.9,7.9,318,10.6,0.783,8.317,1
801,W-FR,36,21,90.2,4,21,81.2,14,318,13.5,0.840,11.306,2
802,W-FR,37,21,88.3,10.2,21,94,6.3,124,6.9,0.477,3.298,2
803,W-FR,38,21,96.3,5,21,95.3,14.4,354,9.5,0.484,4.574,2
804,W-FR,39,22,95.4,38.4,24,92.9,62.3,354,24.0,0.802,19.276,2
805,W-FR,40,22,87.2,26.7,23,100,42.9,39,20.6,1.337,27.602,2
806,W-FR,41,23,83.3,57.7,17,78.9,75.2,346,18.0,0.993,17.921,2
807,W-FR,42,23,81.9,46.1,23,80,51.9,342,6.1,0.700,4.274,1
808,W-FR,43,23,80.7,40.1,18,79.6,46.4,350,6.4,0.267,1.710,1
809,W-FR,44,23,99.1,50.7,23,94.7,58.9,332,9.3,0.662,6.161,1
810,W-FR,45,24,86.9,79.5,16,62.7,82,276,24.3,0.668,16.263,1
811,W-FR,46,24,98.6,69.2,24,97.5,76.4,351,7.3,0.528,3.849,1
812,W-FR,47,24,99.9,72.3,25,97.7,86.3,351,14.2,0.611,8.661,1
813,W-FR,48,24,81.5,69.9,17,73.6,73.4,294,8.6,0.248,2.145,2
814,W-FR,49,24,90.4,60.4,23,85.2,56,230,6.8,0.350,2.385,1
815,W-FR,50,25,89.5,98,25,81.6,99.3,279,8.0,0.312,2.497,3
816,W-FR,51,25,90.5,93,25,100,100,58,11.8,0.458,5.409,2
817,W-FR,52,25,100,86.3,25,94.3,92.6,318,8.5,0.866,7.356,2
818,W-FR,53,25,88.6,83.7,24,88.6,76.8,180,6.9,0.656,4.524,1
819,W-SU,1,1,14.7,4.6,9,38.6,37.5,36,40.7,0.580,23.586,2
820,W-SU,2,2,11.7,29.1,2,0.3,30.3,276,11.5,0.310,3.554,1
821,W-SU,3,2,0,32.7,9,23.8,28.9,99,24.1,0.350,8.436,1
822,W-SU,4,2,7.3,39.2,2,10.9,34.2,144,6.2,0.207,1.280,2
823,W-SU,5,3,15.5,52.1,4,0,62.6,303,18.7,0.620,11.607,1
824,W-SU,6,4,18.9,66.8,7,22.9,71.4,41,6.1,0.760,4.633,1
825,W-SU,7,4,0.3,68.6,4,7.8,68.9,88,7.5,0.311,2.333,2
826,W-SU,8,5,12.2,97.8,5,4.9,98.4,275,7.3,0.230,1.685,2
827,W-SU,9,6,29,100,6,25,95.8,223,5.8,0.210,1.218,2
828,W-SU,10,6,39.3,100,6,29.2,84.4,213,18.6,0.230,4.274,3
829,W-SU,11,7,38.2,65.8,7,31.1,62.9,248,7.7,0.350,2.698,1
830,W-SU,12,8,33.8,56.7,8,26.4,49.5,226,10.3,0.360,3.709,2
831,W-SU,13,9,31.1,20.1,9,37.6,33.4,26,14.8,0.260,3.849,3
832,W-SU,14,9,31.9,30.7,2,16.4,28,260,15.7,0.460,7.235,1
833,W-SU,15,10,30.5,10.5,10,20.3,1,227,13.9,0.240,3.338,2
834,W-SU,16,10,30.6,15.8,1,11.2,6.3,244,21.6,0.349,7.527,3
835,W-SU,17,11,52.9,5.2,11,47.6,3.7,254,5.5,0.440,2.423,1
836,W-SU,18,11,49,0,11,43.4,11.4,334,12.7,0.380,4.819,1
837,W-SU,19,11,50.6,16.9,10,32.7,2.9,232,22.7,0.520,11.790,1
838,W-SU,20,12,40,22.8,10,39.4,11.3,183,11.5,0.250,2.879,2
839,W-SU,21,12,59.3,26.5,19,67.1,38,34,13.9,0.280,3.891,2
840,W-SU,22,12,46.6,28.7,11,41.7,13.8,198,15.7,0.620,9.725,1
841,W-SU,23,13,53,40.4,10,36.6,19.4,218,26.6,0.312,8.313,3
842,W-SU,24,13,56.6,42.7,13,49.6,51.7,322,11.4,0.267,3.040,3
843,W-SU,26,15,58.3,95.1,16,63.9,99,55,6.8,0.248,1.688,2
844,W-SU,27,16,65.7,85.1,14,57.6,77.3,226,11.2,0.592,6.631,1
845,W-SU,28,16,70.9,84.2,16,78.5,97.8,29,15.6,0.828,12.900,1
846,W-SU,29,17,72.8,69.8,17,65.5,70.6,276,7.3,0.216,1.586,1
847,W-SU,30,17,61.7,65.5,14,56.5,60.5,226,7.2,0.277,1.995,1
848,W-SU,31,19,65.1,22.7,12,41.1,25.2,276,24.1,0.452,10.907,3
849,W-SU,33,19,72.4,39.6,23,80.1,46.5,48,10.3,0.251,2.588,3
850,W-SU,34,20,71.7,10.7,11,50.2,0.7,245,23.7,0.357,8.470,2
851,W-SU,35,20,68.3,13.4,11,58.1,6.5,236,12.3,0.630,7.759,1
852,W-SU,36,21,93.8,0,21,83.5,14.7,325,17.9,1.019,18.311,2
853,W-SU,37,21,83.9,16.4,19,75.4,20.7,297,9.5,0.538,5.125,2
854,W-SU,38,21,85.8,15.9,22,82.7,24.5,340,9.1,0.532,4.879,2
855,W-SU,39,21,85.8,15.9,13,57.6,43.1,314,39.2,0.395,15.476,2
856,W-SU,40,21,95.1,16.5,21,83.7,5.5,226,15.8,0.859,13.575,1
857,W-SU,41,21,92.9,10.8,22,87.5,34.4,347,24.2,0.427,10.320,2
858,W-SU,42,21,81,19.1,19,76.6,23.8,317,6.4,0.573,3.669,2
859,W-SU,43,22,86.7,20.3,22,91.1,25.5,40,6.8,0.248,1.689,3
860,W-SU,44,22,88.7,31.8,22,89.7,25.2,171,6.7,0.216,1.439,2
861,W-SU,45,23,94,44.9,23,99.9,50.6,46,8.2,0.468,2.808,3
862,W-SU,46,24,97.9,66.4,24,98.8,61.1,170,5.4,0.608,2.964,3
863,W-SU,47,24,85.2,64.2,17,78.1,64.9,276,7.1,0.255,1.819,1
864,W-SU,48,24,85.6,71.3,24,81.1,73.9,300,5.2,0.210,1.091,2
865,W-SU,49,24,89.3,77.3,25,93.3,100,10,23.0,0.614,14.153,1
866,W-SU,50,24,89.4,77.2,24,99.6,74.7,104,10.5,0.360,3.781,1
867,W-SU,51,25,100,81.6,24,90.4,78.1,250,10.2,0.274,2.783,2
868,W-SU,52,25,94.2,90.5,25,97.2,99.6,18,9.6,0.331,3.172,1
869,W-SU,53,25,100,99.3,16,77.1,93.6,256,23.6,0.280,6.608,3
